slug	alt	source	sha256
apple-florina	Яблоня Флорина — плоды на ветке	Флорина.jpg	1d65b1bbbe73facdff05d0f8d054e71114b31f44b3159fb00a38227c90f499ba
apple-aydared	Яблоня Айдаред — плоды на ветке	Айдаред.jpg	0cec3e86224eface4f4add8477b5521ad67ceee4debee5398e0979d2233363aa
apple-piros	Яблоня Пирос — плоды на ветке	Пирос.jpg	06ab5e155bc7ff19aa65b59a0d47753cba822a897079ede11653fab2b2a11f36
apple-golden-delishes	Яблоня Голден Делишес — плоды на ветке	ГолденДелишес.jpg	ef9ba64449361348bc8b7e3b3789956ff46b3f889aca706fa8dd643d881f434c
apple-dzheromini	Яблоня Джеромини — плоды на ветке	Яблоня_Джеромини.jpg	e7d210f5b1591829f08e80ba29dca9f3d18af6ad5e2a88299d7fc02e7905a160
apple-modi	Яблоня Моди — плоды на ветке	Яблоня_Моди.jpg	3618c509e2fbf474d0426a7c4f5d89cfa6534bfc2d107a8ad3c96cf182e5b7da
sweet-cherry-revna	Черешня Ревна — плоды на ветке	Черешня_Ревна.jpg	774ed1dbe354ab5cf688025c4ca1b6c9b6de510aa6e1a24f1600e66aa2aad157
cherry-prizvanie	Вишня Призвание — плоды на ветке	Вишня_Призвание.jpg	e22e05d32b7fe020397e0390db07eb38fec4a9072f4a3ad10489a3e9d54c58c9
cherry-vladimirskaya	Вишня Владимирская — плоды на ветке	Вишня Владимирская.jpg	bdde04adbd6575c0e20a5e77eedd8ea8fa67c56e17df535d6960aec99dc2ffb8
pear-talgarskaya-krasavitsa	Груша Талгарская Красавица — плоды на ветке	Груша_Талгарская_красавица.jpg	c1c6188031ee1cff437ca493e5d64d96f363cf0a1f1b04fb00ca7c8f965eedd4
pear-dyushes	Груша Дюшес — плоды на ветке	Груша_Дюшес.jpg	b3a82145d5ad3c744dfd8f7a674bd08222312f1a46d0bdaf489875ea1e984c87
felt-cherry-natali	Войлочная вишня Натали — плоды на ветке	Вишня_Натали.jpg	93f1e9bfbd6bb4fc018f667fb161cbef65e4b15277aac1d7fe221bfbb76cabbb
felt-cherry-obilnaya	Войлочная вишня Обильная — плоды на ветке	Войлочная_Вишня_Обильная.jpg	1735a3c5c35d90cd1bd22e0142dc6441bfe62f9c50e682c76d6fe288fb68fd17
columnar-apple-arbat	Колоновидная яблоня Арбат — плоды на стволе	Яблоня_Арбат.jpg	ff508e17ca911e69030eb6e8b71777c7b0dfa6baaf2ade04a7811a2b795ff36c
columnar-apple-cheburashka	Колоновидная яблоня Чебурашка — плоды на стволе	Яблоня_Колоновидная_Чебурашка.jpg	1b6c4e252ecc9a6e7a8a18c58f844c122fdd5bc196077a8288992ead4b8e1309
columnar-apple-prezident	Колоновидная яблоня Президент — плоды на стволе	Яблоня_Колоновидная_Президент.jpg	b2233de9b7f7d0e52827cd8ef3629ca0e13bc855d1a50c5dbd0ffac12daf5b5f
columnar-apple-valyuta	Колоновидная яблоня Валюта — плоды на стволе	Яблона_Колоновидная_Валюта.jpg	edec9e019f041115dc76df2d5fb5bb9d398099ca67cc64d8daaf0f69ed368dc0
columnar-apple-ozherele	Колоновидная яблоня Ожерелье — плоды на стволе	Яблона_Колоновидная_Ожерелье.jpg	2b5d7619d6e65ef45b0e13a55580d8d189f5e5198958673d4c7de488f2214da3
plum-stenley	Слива Стенлей — плоды на ветке	Слива_Стенлей.jpg	4de4b3ad1f959ba46c85773da3da3f048a794a7444c5e3b48cdeda1248a85844
plum-nenka	Слива Ненька — плоды на ветке	Слива Ненька.jpg	5278a786693b39efaac31760e8fc40af594be2a70c20a758f49cab9a68accb16
apricot-nyu-dzhersi	Абрикос Нью-Джерси — плоды на ветке	Абрикос_Нью-Джерси.jpg	11541172e0417b0e99d78e2863a0804f5b07a5e6e0ab3a6f15d6e3cad6f0ef7f
apricot-melitopolskiy-ranniy	Абрикос Мелитопольский ранний — плоды на ветке	Абрикос_Мелитопольский ранний.jpg	fa4230737831e84f4ed00372a5d63847abc7149bf3c727f37f5e0c0051b3e3dc
apricot-krasnoschekiy	Абрикос Краснощекий — плоды на ветке	Абрикос_Краснощёкий.jpg	46d1545a99da8ffb9c2b7d1071640094bc5a19c9c474ce0dc1de017a2fd5589d
apricot-shalah	Абрикос Шалах — плоды на ветке	Абрикос_Шалах.jpg	9460f4352bf0585a186356471592bf08e5714170d234c480b94528948bd72a1e
peach-turist	Персик Турист — плоды на ветке	Персик_Турист.jpg	f2044f96cd277649c81d8b88d8f04dda052659a59119214b401e3186b476d101
peach-red-heven	Персик Ред Хевен — плоды на ветке	Персик_Ред_Хэвен.jpg	13bcd91131407c3b58006f243b25c1b2bfeb738c81f7cfd25eaeaa280025268e
peach-ananasovyy	Персик Ананасовый — плоды на ветке	Персик_Ананасный.jpg	94e16bf5120e3b8a1f076474be5b5b5d411514601c341a7131f5162a38b0b10c
peach-nikitskiy-ploskiy	Персик Никитский плоский — плоды на ветке	Персик_Никитский.jpg	4b2e13abcfb5cffaf1f15c0eed0d894b6b084ad3433cd84f330b739fe2d16af5
peach-nektarin-krasnyy	Нектарин красный — плоды на ветке	Нектарин_Красный.jpg	dfee27a92c3948d6e595dd169e86e33f77b24a9560f8f29661e5fc8dc14d65c7
peach-nektarin-belyy	Нектарин белый — плоды на ветке	Нектарин_Белый.jpg	8ec32b5ebd658cee0b0f1bfd09f9cdbcc3743b30d787be7ee395ee9171a28b22
currant-krasnaya	Смородина Красная — кисти ягод на ветке	Смородина_Красная.jpg	dd72176bf4e4db94042e826bacffc07fe66feac6ac3e4c6c176816964f540448
currant-rovada	Смородина Ровада — кисти ягод на ветке	Смородина_Ровада.jpg	1817df0804eb3a6646c27128d3a599b6a76d1c475c3a2327d0311301874e51b2
currant-natali	Смородина Натали — кисти ягод на ветке	Смородина_Натали.jpg	aa956805e27dc45dea146de015d3f1f5add565b2eeb5a51f886a67470d370234
gooseberry-kolobok	Крыжовник Колобок — ягоды на ветке	Крыжовник_Колобок.jpg	6d03c945dcb3f6beba8c5dc3d51d656145497df30f874b8c7a4de5d31a43be3e
gooseberry-finik	Крыжовник Финик — ягоды на ветке	Крыжовник_Финик.jpg	9625ecb818c8a9698664c62e5af303d01069e2b6d5603d0d7769aa1f4bc793d1
gooseberry-malahit	Крыжовник Малахит — ягоды на ветке	Крыжовник_Малахит.jpg	7b99329da6545e83abbee9a03a336a381aceebbc347278a5051b8433fde6901b
