culture	title	slug	ripening	region	rootstock	price_retail	price_wholesale	wholesale_min	sapling_age	availability	excerpt	planting_rules
apple	Флорина	apple-florina										
apple	Айдаред	apple-aydared										
apple	Пирос	apple-piros										
apple	Голден Делишес	apple-golden-delishes										
apple	Джеромини	apple-dzheromini										
apple	Моди	apple-modi										
apple	Ренет Симиренко	apple-renet-simirenko										
apple	Хоней Крисп	apple-honey-krisp										
apple	Эвелина	apple-evelina										
apple	Женева	apple-zheneva										
apple	Дарья	apple-darya										
apple	Украинская Ранняя	apple-ukrainskaya-rannyaya										
apple	Кубанская Багряная	apple-kubanskaya-bagryanaya										
apple	Прикубанская	apple-prikubanskaya										
apple	Чемпион	apple-chempion										
apple	Антоновка	apple-antonovka										
apple	Ананасовое	apple-ananasovoe										
apple	Гала Фендека	apple-gala-fendeka										
apple	Гала Schnico Red	apple-gala-schnico-red										
apple	Гала	apple-gala										
apple	Лигал	apple-ligal										
apple	Мельба	apple-melba										
apple	Слава Победителям	apple-slava-pobeditelyam										
apple	Коричное полосатое	apple-korichnoe-polosatoe										
apple	Кооп-13	apple-koop-13										
apple	Джонапринц	apple-dzhonaprints										
apple	Китайка золотая	apple-kitayka-zolotaya										
apple	Райка Долго	apple-rayka-dolgo										
sweet-cherry	Скина	sweet-cherry-skina										
sweet-cherry	Ревна	sweet-cherry-revna										
sweet-cherry	Апрелька	sweet-cherry-aprelka										
sweet-cherry	Чемпион	sweet-cherry-chempion										
sweet-cherry	Наполеон розовый	sweet-cherry-napoleon-rozovyy										
sweet-cherry	Приусадебная	sweet-cherry-priusadebnaya										
sweet-cherry	Дрогана желтая	sweet-cherry-drogana-zheltaya										
sweet-cherry	Прощальная	sweet-cherry-proschalnaya										
sweet-cherry	Василиса	sweet-cherry-vasilisa										
sweet-cherry	Александрия	sweet-cherry-aleksandriya										
cherry	Призвание	cherry-prizvanie										
cherry	Чернокорка	cherry-chernokorka										
cherry	Молодежная	cherry-molodezhnaya										
cherry	Шоколадница	cherry-shokoladnitsa										
cherry	Гриот Московский	cherry-griot-moskovskiy										
cherry	Шпанка	cherry-shpanka										
cherry	Владимирская	cherry-vladimirskaya										
cherry	Дюк Чудо-вишня	cherry-dyuk-chudo-vishnya										
pear	Талгарская Красавица	pear-talgarskaya-krasavitsa										
pear	Скороспелая Северянка	pear-skorospelaya-severyanka										
pear	Лесная Красавица	pear-lesnaya-krasavitsa										
pear	Марьяна	pear-maryana										
pear	Медовая	pear-medovaya										
pear	Лада	pear-lada										
pear	Дюшес	pear-dyushes										
pear	Аббат Фетель	pear-abbat-fetel										
pear	Москвичка	pear-moskvichka										
pear	Виктория	pear-viktoriya										
pear	Ноябрьская	pear-noyabrskaya										
pear	Осенняя Яковлева	pear-osennyaya-yakovleva										
pear	Киргизская	pear-kirgizskaya										
pear	Сеянец Киффера	pear-seyanets-kiffera										
felt-cherry	Натали	felt-cherry-natali										
felt-cherry	Обильная	felt-cherry-obilnaya										
columnar-apple	Арбат	columnar-apple-arbat										
columnar-apple	Чебурашка	columnar-apple-cheburashka										
columnar-apple	Президент	columnar-apple-prezident										
columnar-apple	Валюта	columnar-apple-valyuta										
columnar-apple	Ожерелье	columnar-apple-ozherele										
plum	Стенлей	plum-stenley										
plum	Ненька	plum-nenka										
plum	Синяя птица	plum-sinyaya-ptitsa										
plum	Любимица Султана	plum-lyubimitsa-sultana										
plum	Чакчакская ранняя	plum-chakchakskaya-rannyaya										
plum	Чакчакская поздняя	plum-chakchakskaya-pozdnyaya										
plum	Кабардинская ранняя	plum-kabardinskaya-rannyaya										
plum	Топ Хит	plum-top-hit										
plum	Киргизская	plum-kirgizskaya										
plum	Гросса ди Филисио	plum-grossa-di-filisio										
plum	Бербанк Гигант	plum-berbank-gigant										
plum	Азар Премьер	plum-azar-premer										
plum	Байрон Голд	plum-bayron-gold										
plum	Голден Плумза	plum-golden-plumza										
plum	Анджелина	plum-andzhelina										
plum	Писсарди	plum-pissardi										
plum	Мирабелла	plum-mirabella										
plum	Империал	plum-imperial										
apricot	Нью-Джерси	apricot-nyu-dzhersi										
apricot	Мелитопольский ранний	apricot-melitopolskiy-ranniy										
apricot	Краснощекий	apricot-krasnoschekiy										
apricot	Шалах	apricot-shalah										
peach	Турист	peach-turist										
peach	Ред Хевен	peach-red-heven										
peach	Ананасовый	peach-ananasovyy										
peach	Никитский плоский	peach-nikitskiy-ploskiy										
peach	Нектарин красный	peach-nektarin-krasnyy										
peach	Нектарин белый	peach-nektarin-belyy										
currant	Красная	currant-krasnaya										
currant	Ровада	currant-rovada										
currant	Натали	currant-natali										
currant	Изобильная	currant-izobilnaya										
gooseberry	Колобок	gooseberry-kolobok										
gooseberry	Финик	gooseberry-finik										
gooseberry	Малахит	gooseberry-malahit										
